issue,source,authors,title,journal,year_info
2026-09-20,https://mp.weixin.qq.com/s/Ks9J53zqbtdT0LKXOOdYJw,金红磊;张鹏飞,社区嵌入式“双龄共养”融合服务的核心架构与内在机理研究,中国行政管理,J/OL 1-13
2026-09-20,https://mp.weixin.qq.com/s/Ks9J53zqbtdT0LKXOOdYJw,徐明,人才驱动科技创新和产业创新融合发展的行动机制与实现路径,中国行政管理,J/OL 1-13
2026-09-20,https://mp.weixin.qq.com/s/Ks9J53zqbtdT0LKXOOdYJw,周义程;于英鑫,从情感嵌入到韧性生成：基层公共文化服务供给的情感治理机制研究——基于S市W区的实证考察,治理研究,2026 42(4):107-122
2026-09-20,https://mp.weixin.qq.com/s/Ks9J53zqbtdT0LKXOOdYJw,刘飞宏;许文航;李艺琳,从赋能到共创：数智技术驱动社区治理的演化路径与内在机制——以苏州“知社区”平台为例,电子政务,J/OL 1-14
2026-09-20,https://mp.weixin.qq.com/s/Ks9J53zqbtdT0LKXOOdYJw,吴泳钊;颜海娜,“既要又要”：一个理解创造性执行的约束视角,公共管理评论,J/OL 1-22
2026-09-20,https://mp.weixin.qq.com/s/Ks9J53zqbtdT0LKXOOdYJw,李海林,“例外”何以嵌入“常规”：政策试点运行中的双重调适机制,公共行政评论,2026 19(3):61-80
2026-09-20,https://mp.weixin.qq.com/s/Ks9J53zqbtdT0LKXOOdYJw,王辉;宋书杰,对口帮扶的链式组织动员研究——以乡村振兴中对口帮扶为例,政治学研究,2026 (3):103-120
2026-09-20,https://mp.weixin.qq.com/s/Ks9J53zqbtdT0LKXOOdYJw,刘裕;张雪儿;任泯璇,控制性赋能：数字下乡中基层治理权责再匹配的实现机制——基于C市“12345数据下乡”的案例分析,,
2026-09-20,https://mp.weixin.qq.com/s/Ks9J53zqbtdT0LKXOOdYJw,蒋子燕;汤临佳;赖惠能,数字嵌入下乡土社会资本重构如何驱动脱贫地区创业——基于网红直播“大篷车”的分析,中国农村经济,2026 (9):92-112
2026-09-20,https://mp.weixin.qq.com/s/Ks9J53zqbtdT0LKXOOdYJw,李愿;孔祥智;高跃婷,基于资源拼凑与资源共生的村庄多主体协同发展——以云南省大理市古生村为例,中国农村观察,2026 (5):130-153
2026-08-24,https://mp.weixin.qq.com/s/Zx6xtXUIORvhVJQCBEmz0w,李晓飞;赵诗佳,政策执行波动何以发生：不可调和的“认知式差”解释框架,公共行政评论,2026 19(4):61-79
2026-08-24,https://mp.weixin.qq.com/s/Zx6xtXUIORvhVJQCBEmz0w,吴旭红;吴宇;胡月,最小可行协同：地方政府高耦合事项协同治理的演进机制——基于H市X区“水电气网联合报装一件事”的案例研究,公共管理学报,J/OL 1-27
2026-08-24,https://mp.weixin.qq.com/s/Zx6xtXUIORvhVJQCBEmz0w,刘善彤,乡村治理数字化转型中的清晰化悖论及其生成逻辑——基于农村“三资”整治的案例分析,电子政务,J/OL 1-13
2026-08-24,https://mp.weixin.qq.com/s/Zx6xtXUIORvhVJQCBEmz0w,贾泽民;林仁镇,算法转译：生成式人工智能嵌入政务服务的内在机理及逻辑转换——基于“深小i”政务智能体的实践考察,电子政务,2026 (9):13-25
2026-08-24,https://mp.weixin.qq.com/s/Zx6xtXUIORvhVJQCBEmz0w,王倩;陶青青,行政赋能与社会赋权：数字技术嵌入下乡村治理的范式竞合——基于F市N村“代码进村”的案例分析,电子政务,2026 (9):38-50
2026-08-24,https://mp.weixin.qq.com/s/Zx6xtXUIORvhVJQCBEmz0w,张云昊;夏欣斐,政务服务转型中数字科层制的生成逻辑——以基本养老保险关系的跨省转移为例,公共管理学报,J/OL 1-17
2026-08-24,https://mp.weixin.qq.com/s/Zx6xtXUIORvhVJQCBEmz0w,武小龙;王蔚,数字情绪劳动：“屏幕官僚”行政负担的再生产机制与重构逻辑,公共管理与政策评论,2026 15(4):100-114
2026-08-24,https://mp.weixin.qq.com/s/Zx6xtXUIORvhVJQCBEmz0w,徐凤增;王展翼;冯立莉,“三链协同”何以可能：返乡入乡创业者赋能乡村产业振兴的逻辑与路径,中国农村经济,2026 (8):27-49
